-0.662679700366597,0.23776702212227438,-2.0064468705544187
-0.6504078540635119,0.24390294527381695,-2.0064468705544187
-0.6258641614573416,0.2454369260617026,-1.9941750242513334
-0.6043884304269426,0.2454369260617026,-1.9773012355845914
-0.5368932757599744,0.24390294527381695,-1.906738119341852
-0.5077476407901472,0.24390294527381695,-1.8699225804325965
-0.48473792897186263,0.24390294527381695,-1.8285050991596843
-0.46479617872934925,0.24390294527381695,-1.7855536370988863
-0.44638840927472156,0.24390294527381695,-1.7426021750380885
-0.4295146206079795,0.24236896448593132,-1.696582751401519
-0.4249126782443226,0.23623304133438874,-1.6659031356438063
-0.42644665903220824,0.23009711818284617,-1.6505633277649499
-0.42644665903220824,0.2316310989707318,-1.6490293469770643
-0.42644665903220824,0.23316507975861744,-1.6382914814618648
-0.4279806398200939,0.23316507975861744,-1.6367575006739792
-0.4279806398200939,0.2346990605465031,-1.6382914814618648
-0.43104860139586515,0.23623304133438874,-1.6398254622497503
-0.43104860139586515,0.23623304133438874,-1.6398254622497503
-0.43104860139586515,0.23776702212227438,-1.6398254622497503
-0.43104860139586515,0.23776702212227438,-1.6398254622497503
-0.43104860139586515,0.23776702212227438,-1.6398254622497503
-0.43104860139586515,0.23776702212227438,-1.6398254622497503
-0.43104860139586515,0.23623304133438874,-1.6382914814618648
-0.43104860139586515,0.23776702212227438,-1.6382914814618648
-0.43104860139586515,0.23930100291016002,-1.6382914814618648
-0.4295146206079795,0.23776702212227438,-1.6382914814618648
-0.4295146206079795,0.23776702212227438,-1.6382914814618648
-0.43104860139586515,0.23930100291016002,-1.6382914814618648
-0.43104860139586515,0.23930100291016002,-1.6382914814618648
-0.43104860139586515,0.24083498369804565,-1.6382914814618648
-0.43104860139586515,0.24697090684958822,-1.6413594430376361
-0.43104860139586515,0.25464081078901646,-1.6490293469770643
-0.43104860139586515,0.2684466378799872,-1.6643691548559207
-0.43104860139586515,0.28532042654672923,-1.6904468282499765
-0.4249126782443226,0.3098641191528995,-1.713456540068261
-0.42644665903220824,0.3374757733348411,-1.731864309522889
-0.42644665903220824,0.36968936988043954,-1.761009944492716
-0.4279806398200939,0.3942330624866098,-1.7732817907958012
-0.4279806398200939,0.40803888957758055,-1.7794177139473437
-0.4279806398200939,0.41877675509278006,-1.7855536370988863
-0.4279806398200939,0.42337869745643697,-1.7886215986746576
-0.4279806398200939,0.42337869745643697,-1.782485675523115
-0.4279806398200939,0.42337869745643697,-1.7794177139473437
-0.4279806398200939,0.42337869745643697,-1.782485675523115
-0.4279806398200939,0.4249126782443226,-1.7855536370988863
-0.43718452454740775,0.4325825821837508,-1.7978254834019713
-0.45252433242626416,0.4433204476989503,-1.8100973297050567
-0.4693981210930062,0.44638840927472156,-1.8269711183717987
-0.4908738521234052,0.44485442848683593,-1.8499808301900833
-0.5184855063053467,0.44485442848683593,-1.8791264651599104
-0.5506991028509451,0.44485442848683593,-1.911340061705509
-0.5829126993965437,0.44638840927472156,-1.9481556006147642
-0.6105243535784852,0.44638840927472156,-1.9880391010997909
-0.6304661038209985,0.44638840927472156,-2.030990563160589
-0.6396699885483124,0.44638840927472156,-2.0586022173425302
-0.6519418348513975,0.44485442848683593,-2.086213871524472
-0.6672816427302539,0.44638840927472156,-2.1092235833427564
-0.6688156235181395,0.44638840927472156,-2.133767275948927
-0.6672816427302539,0.44638840927472156,-2.1475731030398975
-0.6657476619423682,0.44638840927472156,-2.1613789301308683
-0.6642136811544826,0.44638840927472156,-2.1659808724945253
-0.6642136811544826,0.44638840927472156,-2.1644468917066395
-0.662679700366597,0.44638840927472156,-2.1644468917066395
-0.6611457195787114,0.44638840927472156,-2.1644468917066395
-0.6611457195787114,0.44638840927472156,-2.1644468917066395
-0.662679700366597,0.44638840927472156,-2.1644468917066395
-0.6642136811544826,0.44638840927472156,-2.1644468917066395
-0.6642136811544826,0.44638840927472156,-2.1644468917066395
-0.662679700366597,0.44638840927472156,-2.1644468917066395
-0.6611457195787114,0.44485442848683593,-2.162912910918754
-0.6611457195787114,0.4433204476989503,-2.1613789301308683
-0.662679700366597,0.4325825821837508,-2.1475731030398975
-0.662679700366597,0.41570879351700873,-2.1306993143731554
-0.6642136811544826,0.3942330624866098,-2.112291544918528
-0.662679700366597,0.3727573314562108,-2.087747852312358
-0.662679700366597,0.342077715698498,-2.0586022173425302
-0.662679700366597,0.30679615757712825,-2.0325245439484747
-0.6642136811544826,0.27304858024364415,-2.017184736069618
-0.662679700366597,0.25310683000113077,-2.0033789089786476
-0.6611457195787114,0.24236896448593132,-1.9926410434634478
-0.6611457195787114,0.23316507975861744,-1.9911070626755623
-0.6642136811544826,0.23316507975861744,-1.9911070626755623
-0.6611457195787114,0.23316507975861744,-1.9911070626755623
-0.6611457195787114,0.23316507975861744,-1.9911070626755623
-0.6611457195787114,0.23316507975861744,-1.9926410434634478
-0.662679700366597,0.2346990605465031,-1.9941750242513334
-0.662679700366597,0.23776702212227438,-1.9987769666149904
-0.662679700366597,0.23776702212227438,-2.000310947402876
-0.662679700366597,0.23930100291016002,-2.0033789089786476
-0.6642136811544826,0.23776702212227438,-2.0033789089786476
-0.6657476619423682,0.23930100291016002,-2.0033789089786476
-0.6642136811544826,0.23930100291016002,-2.0033789089786476
-0.6642136811544826,0.23930100291016002,-2.0033789089786476
-0.662679700366597,0.23930100291016002,-2.0018449281907618
-0.662679700366597,0.23930100291016002,-2.0018449281907618
-0.662679700366597,0.23930100291016002,-2.0033789089786476
-0.662679700366597,0.23930100291016002,-2.0033789089786476
-0.662679700366597,0.23930100291016002,-2.0033789089786476
-0.662679700366597,0.23930100291016002,-2.0033789089786476
-0.662679700366597,0.23776702212227438,-2.0033789089786476
-0.6596117387908257,0.24236896448593132,-2.0018449281907618
-0.6550097964271688,0.24697090684958822,-2.0018449281907618
-0.6458059116998549,0.25157284921324513,-2.000310947402876
-0.6320000846088841,0.25157284921324513,-1.9895730818876767
-0.6151262959421421,0.25157284921324513,-1.9742332740088202
-0.5921165841238575,0.25157284921324513,-1.9527575429784212
-0.5645049299419159,0.25157284921324513,-1.9266798695843652
-0.5353592949720888,0.25157284921324513,-1.892932292250881
-0.5092816215780329,0.25157284921324513,-1.8576507341295114
-0.48627190975974827,0.25157284921324513,-1.8177672336444848
-0.4632621979414636,0.2500388684253595,-1.7671458676442586
-0.4387185053352934,0.24697090684958822,-1.7195924632198039
-0.43104860139586515,0.23776702212227438,-1.6812429435226628
-0.42644665903220824,0.2270291566070749,-1.662835174068035
-0.4279806398200939,0.2270291566070749,-1.6551652701286068
-0.4279806398200939,0.23316507975861744,-1.6413594430376361
-0.4295146206079795,0.23316507975861744,-1.6398254622497503
-0.4295146206079795,0.2346990605465031,-1.6398254622497503
-0.4295146206079795,0.2346990605465031,-1.6428934238255217
-0.4295146206079795,0.23623304133438874,-1.6428934238255217
-0.4295146206079795,0.23623304133438874,-1.6428934238255217
-0.4295146206079795,0.23623304133438874,-1.6428934238255217
-0.43104860139586515,0.23623304133438874,-1.6413594430376361
-0.4325825821837508,0.23623304133438874,-1.6398254622497503
-0.4325825821837508,0.23623304133438874,-1.6398254622497503
-0.4325825821837508,0.23623304133438874,-1.6398254622497503
-0.4325825821837508,0.23623304133438874,-1.6398254622497503
-0.4325825821837508,0.23623304133438874,-1.6382914814618648
-0.4325825821837508,0.23623304133438874,-1.6398254622497503
-0.4325825821837508,0.23623304133438874,-1.6398254622497503
-0.43104860139586515,0.23623304133438874,-1.6398254622497503
-0.4325825821837508,0.23776702212227438,-1.6382914814618648
-0.4325825821837508,0.23623304133438874,-1.6398254622497503
-0.4325825821837508,0.23623304133438874,-1.6398254622497503
-0.4325825821837508,0.23623304133438874,-1.6398254622497503
-0.43104860139586515,0.23776702212227438,-1.6398254622497503
-0.4325825821837508,0.24236896448593132,-1.6398254622497503
-0.43104860139586515,0.24390294527381695,-1.6398254622497503
-0.4325825821837508,0.24390294527381695,-1.6398254622497503
-0.43104860139586515,0.24390294527381695,-1.6398254622497503
-0.4325825821837508,0.24390294527381695,-1.6398254622497503
-0.43104860139586515,0.24390294527381695,-1.6382914814618648
-0.43104860139586515,0.24390294527381695,-1.6382914814618648
-0.4325825821837508,0.24390294527381695,-1.6382914814618648
-0.4325825821837508,0.24390294527381695,-1.6382914814618648
-0.4325825821837508,0.2454369260617026,-1.6413594430376361
-0.4325825821837508,0.24697090684958822,-1.6428934238255217
-0.43104860139586515,0.25770877236478773,-1.6520973085528354
-0.4325825821837508,0.26691265709210155,-1.662835174068035
-0.4325825821837508,0.28838838812250056,-1.6904468282499765
-0.42644665903220824,0.3129320807286708,-1.714990520856147
-0.4279806398200939,0.3390097541227267,-1.7380002326744315
-0.42644665903220824,0.36968936988043954,-1.7640779060684872
-0.4279806398200939,0.3942330624866098,-1.77021382922003
-0.4279806398200939,0.40803888957758055,-1.7794177139473437
-0.4279806398200939,0.4172427743048944,-1.7901555794625432
-0.4279806398200939,0.42184471666855133,-1.787087617886772
-0.4279806398200939,0.42337869745643697,-1.7809516947352293
-0.4279806398200939,0.42337869745643697,-1.7809516947352293
-0.42644665903220824,0.42337869745643697,-1.782485675523115
-0.42644665903220824,0.42644665903220824,-1.7840196563110007
-0.4356505437595221,0.4325825821837508,-1.7962915026140858
-0.45099035163837853,0.440252486123179,-1.8070293681292853
-0.4693981210930062,0.44485442848683593,-1.825437137583913
-0.49854375606283335,0.44485442848683593,-1.859184714917397
-0.5292233718205462,0.44485442848683593,-1.88986433067511
-0.5706408530934585,0.44485442848683593,-1.9312818119480222
-0.602854449639057,0.44638840927472156,-1.9757672547967058
-0.6258641614573416,0.44485442848683593,-2.017184736069618
-0.6458059116998549,0.44638840927472156,-2.060136198130416
-0.6550097964271688,0.44485442848683593,-2.090815813888129
-0.6611457195787114,0.44638840927472156,-2.116893487282185
-0.6657476619423682,0.44485442848683593,-2.1306993143731554
-0.6657476619423682,0.44638840927472156,-2.1521750454035544
-0.6642136811544826,0.44485442848683593,-2.158310968555097
-0.662679700366597,0.44638840927472156,-2.162912910918754
-0.662679700366597,0.44638840927472156,-2.1644468917066395
-0.6611457195787114,0.44638840927472156,-2.1644468917066395
-0.6611457195787114,0.440252486123179,-2.1613789301308683
-0.662679700366597,0.4341165629716365,-2.1491070838277833
-0.662679700366597,0.4203107358806657,-2.132233295161041
-0.662679700366597,0.3942330624866098,-2.112291544918528
-0.662679700366597,0.36815538909255385,-2.084679890736586
-0.662679700366597,0.3390097541227267,-2.057068236554645
-0.662679700366597,0.3052621767892426,-2.035592505524246
-0.662679700366597,0.2791845033951867,-2.021786678433275
-0.662679700366597,0.260776733940559,-2.004912889766533
-0.662679700366597,0.24390294527381695,-1.9911070626755623
-0.6642136811544826,0.23623304133438874,-1.9895730818876767
-0.662679700366597,0.2270291566070749,-1.9880391010997909
-0.662679700366597,0.22856313739496054,-1.9895730818876767
-0.662679700366597,0.23009711818284617,-1.9911070626755623
-0.6642136811544826,0.23316507975861744,-1.9941750242513334
-0.6611457195787114,0.23623304133438874,-1.9941750242513334
-0.662679700366597,0.23776702212227438,-2.000310947402876
-0.662679700366597,0.24083498369804565,-2.0033789089786476
-0.662679700366597,0.24083498369804565,-2.004912889766533
-0.662679700366597,0.23930100291016002,-2.004912889766533
-0.662679700366597,0.24083498369804565,-2.004912889766533
-0.662679700366597,0.24083498369804565,-2.004912889766533
-0.662679700366597,0.24083498369804565,-2.0033789089786476
-0.662679700366597,0.24083498369804565,-2.0033789089786476
-0.6611457195787114,0.24236896448593132,-2.0033789089786476
-0.6565437772150544,0.24390294527381695,-2.004912889766533
-0.6488738732756262,0.2454369260617026,-2.0033789089786476
-0.6335340653967698,0.2454369260617026,-1.9972429858271048
-0.6166602767300278,0.2454369260617026,-1.9849711395240197
-0.5951845456996288,0.2454369260617026,-1.9680973508572777
-0.5675728915176872,0.24390294527381695,-1.9435536582511073
-0.5322913333963175,0.24390294527381695,-1.9082721001297376
-0.49854375606283335,0.24390294527381695,-1.8622526764931684
-0.4724660826687775,0.24390294527381695,-1.8100973297050567
-0.44945637085049284,0.24390294527381695,-1.7518060597654022
-0.4325825821837508,0.24390294527381695,-1.701184693765176
-0.42644665903220824,0.24236896448593132,-1.6720390587953489
-0.42184471666855133,0.2346990605465031,-1.6520973085528354
-0.42644665903220824,0.2270291566070749,-1.6413594430376361
-0.42644665903220824,0.2316310989707318,-1.6382914814618648
-0.42644665903220824,0.23623304133438874,-1.6336895390982078
-0.4279806398200939,0.23623304133438874,-1.6398254622497503
-0.4295146206079795,0.23776702212227438,-1.6428934238255217
-0.4295146206079795,0.23776702212227438,-1.6428934238255217
-0.4295146206079795,0.23776702212227438,-1.6428934238255217
-0.4295146206079795,0.23776702212227438,-1.6428934238255217
-0.4295146206079795,0.23776702212227438,-1.6413594430376361
-0.43104860139586515,0.23776702212227438,-1.6398254622497503
-0.43104860139586515,0.23776702212227438,-1.6398254622497503
-0.4295146206079795,0.24236896448593132,-1.6398254622497503
-0.4279806398200939,0.2454369260617026,-1.6428934238255217
-0.4295146206079795,0.2454369260617026,-1.6428934238255217
-0.4279806398200939,0.2454369260617026,-1.6428934238255217
-0.4295146206079795,0.2454369260617026,-1.6428934238255217
-0.4295146206079795,0.2454369260617026,-1.6428934238255217
-0.4295146206079795,0.2454369260617026,-1.6428934238255217
-0.4295146206079795,0.2454369260617026,-1.6428934238255217
-0.4295146206079795,0.2454369260617026,-1.6428934238255217
-0.4295146206079795,0.2454369260617026,-1.6428934238255217
-0.4279806398200939,0.2454369260617026,-1.6428934238255217
-0.4279806398200939,0.2454369260617026,-1.6413594430376361
-0.4279806398200939,0.2454369260617026,-1.6428934238255217
-0.4279806398200939,0.24850488763747386,-1.6444274046134073
-0.4295146206079795,0.25464081078901646,-1.6505633277649499
-0.4295146206079795,0.2699806186678728,-1.662835174068035
-0.4295146206079795,0.28532042654672923,-1.6812429435226628
-0.42644665903220824,0.3129320807286708,-1.718058482431918
-0.42644665903220824,0.342077715698498,-1.7410681942502026
-0.42644665903220824,0.3712233506683252,-1.753340040553288
-0.4295146206079795,0.39269908169872414,-1.7717478100079156
-0.4295146206079795,0.4065049087896949,-1.7840196563110007
-0.4279806398200939,0.41570879351700873,-1.787087617886772
-0.4279806398200939,0.4203107358806657,-1.7840196563110007
-0.4279806398200939,0.42337869745643697,-1.7809516947352293
-0.4279806398200939,0.4249126782443226,-1.7840196563110007
-0.4295146206079795,0.4279806398200939,-1.7886215986746576
-0.4433204476989503,0.43718452454740775,-1.8024274257656283
-0.4632621979414636,0.44485442848683593,-1.8223691760081417
-0.48933987133551954,0.44485442848683593,-1.8484468494021975
-0.5123495831538042,0.44638840927472156,-1.8745245227962535
-0.5506991028509451,0.44485442848683593,-1.911340061705509
-0.5936505649117432,0.44485442848683593,-1.9619614277057351
-0.6151262959421421,0.44485442848683593,-1.9987769666149904
-0.6350680461846554,0.44485442848683593,-2.04479639025156
-0.6458059116998549,0.44638840927472156,-2.077009986797158
-0.6565437772150544,0.44485442848683593,-2.100019698615443
-0.6688156235181395,0.44638840927472156,-2.1230294104337273
-0.6672816427302539,0.44638840927472156,-2.146039122252012
-0.6657476619423682,0.44638840927472156,-2.158310968555097
-0.6642136811544826,0.44485442848683593,-2.1644468917066395
-0.662679700366597,0.44638840927472156,-2.1659808724945253
-0.6611457195787114,0.44485442848683593,-2.162912910918754
-0.662679700366597,0.440252486123179,-2.1567769877672114
-0.6642136811544826,0.4279806398200939,-2.1445051414641263
-0.6642136811544826,0.4141748127291231,-2.1276313527973842
-0.662679700366597,0.38963112012295287,-2.1061556217669852
-0.6596117387908257,0.3620194659410113,-2.0800779483729293
-0.6611457195787114,0.32673790781964157,-2.043262409463674
-0.6642136811544826,0.28532042654672923,-2.0202526976453896
-0.6642136811544826,0.2561747915769021,-2.007980851342304
-0.662679700366597,0.24236896448593132,-1.9972429858271048
-0.6611457195787114,0.23623304133438874,-1.9926410434634478
-0.6611457195787114,0.23009711818284617,-1.9895730818876767
-0.662679700366597,0.2270291566070749,-1.9895730818876767
-0.662679700366597,0.22856313739496054,-1.9895730818876767
-0.662679700366597,0.22856313739496054,-1.9895730818876767
-0.662679700366597,0.22856313739496054,-1.9895730818876767
-0.662679700366597,0.23009711818284617,-1.9911070626755623
-0.662679700366597,0.23316507975861744,-1.9957090050392192
-0.662679700366597,0.23623304133438874,-2.000310947402876
-0.662679700366597,0.23776702212227438,-2.004912889766533
-0.6642136811544826,0.23776702212227438,-2.007980851342304
-0.6642136811544826,0.23776702212227438,-2.007980851342304
-0.662679700366597,0.23776702212227438,-2.007980851342304
-0.662679700366597,0.23776702212227438,-2.007980851342304
-0.662679700366597,0.23776702212227438,-2.007980851342304
-0.662679700366597,0.23930100291016002,-2.0064468705544187
-0.662679700366597,0.23930100291016002,-2.0064468705544187
-0.6596117387908257,0.24083498369804565,-2.007980851342304
-0.6550097964271688,0.24236896448593132,-2.007980851342304
-0.6473398924877406,0.24236896448593132,-2.007980851342304
-0.624330180669456,0.24236896448593132,-1.9957090050392192
-0.5982525072754,0.24236896448593132,-1.9803691971603627
-0.5660389107298016,0.24236896448593132,-1.9588934661299637
-0.5276893910326605,0.24236896448593132,-1.9251458887964796
-0.49394181369917645,0.24236896448593132,-1.8791264651599104
-0.4678641403051206,0.24236896448593132,-1.8346410223112268
-0.44638840927472156,0.24236896448593132,-1.7732817907958012
-0.4325825821837508,0.24083498369804565,-1.718058482431918
-0.4249126782443226,0.23930100291016002,-1.6781749819468914
-0.42184471666855133,0.2346990605465031,-1.6505633277649499
-0.4249126782443226,0.23009711818284617,-1.6413594430376361
-0.42644665903220824,0.22856313739496054,-1.6382914814618648
-0.42644665903220824,0.23623304133438874,-1.6321555583103222
-0.4249126782443226,0.23623304133438874,-1.6352235198860934
-0.42644665903220824,0.23776702212227438,-1.6428934238255217
-0.4295146206079795,0.23776702212227438,-1.6444274046134073
-0.4295146206079795,0.23776702212227438,-1.6444274046134073
-0.43104860139586515,0.23776702212227438,-1.6444274046134073
-0.43104860139586515,0.23930100291016002,-1.6413594430376361
-0.43104860139586515,0.23776702212227438,-1.6382914814618648
-0.43104860139586515,0.23776702212227438,-1.6382914814618648
-0.43104860139586515,0.23930100291016002,-1.6382914814618648
-0.4295146206079795,0.24236896448593132,-1.6382914814618648
-0.4279806398200939,0.24390294527381695,-1.6398254622497503
-0.4295146206079795,0.24390294527381695,-1.6382914814618648
-0.4279806398200939,0.24390294527381695,-1.6398254622497503
-0.4295146206079795,0.24390294527381695,-1.6398254622497503
-0.4295146206079795,0.24390294527381695,-1.6398254622497503
-0.4295146206079795,0.2454369260617026,-1.6398254622497503
-0.4279806398200939,0.2500388684253595,-1.6428934238255217
-0.4295146206079795,0.260776733940559,-1.6520973085528354
-0.4295146206079795,0.2715145994557585,-1.6643691548559207
-0.4295146206079795,0.28225246497095796,-1.679708962734777
-0.4295146206079795,0.303728196001357,-1.7119225592803755
-0.42644665903220824,0.33440781175906975,-1.7303303287350031
-0.42644665903220824,0.36968936988043954,-1.7625439252806017
-0.4279806398200939,0.3942330624866098,-1.7717478100079156
-0.4279806398200939,0.4095728703654662,-1.782485675523115
-0.4279806398200939,0.41877675509278006,-1.7886215986746576
-0.43104860139586515,0.42184471666855133,-1.7840196563110007
-0.4279806398200939,0.42337869745643697,-1.7809516947352293
-0.4249126782443226,0.4249126782443226,-1.782485675523115
-0.4279806398200939,0.4249126782443226,-1.787087617886772
-0.4356505437595221,0.43104860139586515,-1.7978254834019713
-0.45559229400203544,0.44485442848683593,-1.8131652912808278
-0.47553404424454876,0.44638840927472156,-1.8346410223112268
-0.49854375606283335,0.44485442848683593,-1.8576507341295114
-0.5292233718205462,0.44485442848683593,-1.8913983114629955
-0.5721748338813442,0.44638840927472156,-1.932815792735908
-0.6013204688511713,0.44485442848683593,-1.9726992932209346
-0.6258641614573416,0.44485442848683593,-2.0279226015848177
-0.6427379501240836,0.44485442848683593,-2.064738140494073
-0.6580777580029401,0.44485442848683593,-2.089281833100243
-0.6657476619423682,0.44485442848683593,-2.119961448857956
-0.6657476619423682,0.44638840927472156,-2.1399031991004693
-0.6657476619423682,0.44638840927472156,-2.1521750454035544
-0.6642136811544826,0.44638840927472156,-2.162912910918754
-0.6642136811544826,0.44638840927472156,-2.167514853282411
-0.662679700366597,0.44638840927472156,-2.1644468917066395
-0.662679700366597,0.44638840927472156,-2.162912910918754
-0.662679700366597,0.44638840927472156,-2.1644468917066395
-0.662679700366597,0.44485442848683593,-2.1644468917066395
-0.662679700366597,0.44485442848683593,-2.1644468917066395
-0.662679700366597,0.4433204476989503,-2.1613789301308683
-0.662679700366597,0.4341165629716365,-2.1491070838277833
-0.662679700366597,0.4203107358806657,-2.1353012567368124
-0.662679700366597,0.3988350048502667,-2.116893487282185
-0.662679700366597,0.37429131224409645,-2.089281833100243
-0.662679700366597,0.3512816004258118,-2.061670178918302
-0.662679700366597,0.3190680038802134,-2.040194447887903
-0.662679700366597,0.2868544073346149,-2.0233206592211608
-0.662679700366597,0.2653786763042159,-2.0064468705544187
-0.662679700366597,0.24850488763747386,-1.9972429858271048
-0.662679700366597,0.23776702212227438,-1.9911070626755623
-0.6642136811544826,0.2346990605465031,-1.9895730818876767
-0.662679700366597,0.22856313739496054,-1.9880391010997909
-0.662679700366597,0.22856313739496054,-1.9895730818876767
-0.662679700366597,0.22856313739496054,-1.9895730818876767
-0.662679700366597,0.23009711818284617,-1.9895730818876767
-0.662679700366597,0.2316310989707318,-1.9911070626755623
-0.6596117387908257,0.2346990605465031,-1.9926410434634478
-0.6611457195787114,0.2346990605465031,-1.9987769666149904
-0.6611457195787114,0.23623304133438874,-2.0033789089786476
-0.662679700366597,0.23776702212227438,-2.0064468705544187
-0.662679700366597,0.23776702212227438,-2.007980851342304
-0.662679700366597,0.23776702212227438,-2.0064468705544187
-0.662679700366597,0.23930100291016002,-2.0064468705544187
-0.662679700366597,0.23930100291016002,-2.004912889766533
-0.6611457195787114,0.23930100291016002,-2.004912889766533
-0.662679700366597,0.23930100291016002,-2.004912889766533
-0.6611457195787114,0.24083498369804565,-2.0064468705544187
-0.6565437772150544,0.24236896448593132,-2.0064468705544187
-0.6473398924877406,0.24390294527381695,-2.004912889766533
-0.6320000846088841,0.24236896448593132,-1.9987769666149904
-0.6105243535784852,0.24236896448593132,-1.9880391010997909
-0.5844466801844292,0.24390294527381695,-1.9696313316451632
-0.5506991028509451,0.24236896448593132,-1.940485696675336
-0.5123495831538042,0.24236896448593132,-1.9036701577660806
-0.48627190975974827,0.24236896448593132,-1.8653206380689396
-0.4663301595172349,0.24236896448593132,-1.8239031567960273
-0.4479223900626072,0.24236896448593132,-1.7686798484321442
-0.4325825821837508,0.24083498369804565,-1.7119225592803755
-0.4249126782443226,0.23776702212227438,-1.6735730395832344
-0.42184471666855133,0.2346990605465031,-1.6520973085528354
-0.4249126782443226,0.22856313739496054,-1.6398254622497503
-0.4279806398200939,0.23009711818284617,-1.6398254622497503
-0.42644665903220824,0.23623304133438874,-1.6306215775224366
-0.4279806398200939,0.23623304133438874,-1.6367575006739792
-0.42644665903220824,0.23776702212227438,-1.6413594430376361
-0.43104860139586515,0.23776702212227438,-1.6428934238255217
-0.43104860139586515,0.23776702212227438,-1.6428934238255217
-0.43104860139586515,0.23776702212227438,-1.6428934238255217
-0.43104860139586515,0.23930100291016002,-1.6413594430376361
-0.43104860139586515,0.23930100291016002,-1.6382914814618648
-0.43104860139586515,0.23930100291016002,-1.6382914814618648
-0.43104860139586515,0.23930100291016002,-1.6382914814618648
-0.43104860139586515,0.23930100291016002,-1.6398254622497503
-0.43104860139586515,0.24236896448593132,-1.6398254622497503
-0.43104860139586515,0.24236896448593132,-1.6382914814618648
-0.43104860139586515,0.24236896448593132,-1.6382914814618648
-0.43104860139586515,0.24083498369804565,-1.6398254622497503
-0.43104860139586515,0.24083498369804565,-1.6382914814618648
-0.43104860139586515,0.24236896448593132,-1.6413594430376361
-0.43104860139586515,0.24850488763747386,-1.6459613854012929
-0.43104860139586515,0.260776733940559,-1.6551652701286068
-0.4325825821837508,0.2684466378799872,-1.6659031356438063
-0.4295146206079795,0.29605829206192874,-1.7027186745530618
-0.4279806398200939,0.3282718886075272,-1.7287963479471176
-0.42644665903220824,0.35588354278946877,-1.748738098189631
-0.42644665903220824,0.380427235395639,-1.7671458676442586
-0.4279806398200939,0.3988350048502667,-1.7732817907958012
-0.4295146206079795,0.4111068511533518,-1.782485675523115
-0.4295146206079795,0.4203107358806657,-1.7886215986746576
-0.42644665903220824,0.42337869745643697,-1.782485675523115
-0.4249126782443226,0.4249126782443226,-1.7809516947352293
-0.4325825821837508,0.4295146206079795,-1.7886215986746576
-0.4433204476989503,0.43718452454740775,-1.8008934449777427
-0.45712627478992107,0.44485442848683593,-1.8146992720687134
-0.47553404424454876,0.44638840927472156,-1.8346410223112268
-0.5016117176386047,0.44638840927472156,-1.8622526764931684
-0.5338253141842031,0.44485442848683593,-1.892932292250881
-0.5675728915176872,0.44638840927472156,-1.928213850372251
-0.5982525072754,0.44485442848683593,-1.966563370069392
-0.6212622190936846,0.44638840927472156,-2.0110488129180757
-0.6427379501240836,0.44638840927472156,-2.046330371039445
-0.6504078540635119,0.44638840927472156,-2.073942025221387
-0.6580777580029401,0.44638840927472156,-2.095417756251786
-0.6642136811544826,0.44638840927472156,-2.1260973720094984
-0.6657476619423682,0.44638840927472156,-2.1399031991004693
-0.6657476619423682,0.44638840927472156,-2.1521750454035544
-0.6642136811544826,0.44638840927472156,-2.162912910918754
-0.662679700366597,0.44638840927472156,-2.167514853282411
-0.6611457195787114,0.44638840927472156,-2.1644468917066395
-0.6611457195787114,0.440252486123179,-2.1598449493429825
-0.6611457195787114,0.4325825821837508,-2.1475731030398975
-0.6642136811544826,0.41264083194123746,-2.12916533358527
-0.6657476619423682,0.38809713933506723,-2.1046216409791
-0.6642136811544826,0.3666214083046682,-2.081611929160815
-0.6611457195787114,0.32980586939541284,-2.0493983326152168
-0.6611457195787114,0.2868544073346149,-2.0202526976453896
-0.662679700366597,0.2638446955163303,-2.007980851342304
-0.662679700366597,0.2454369260617026,-1.9987769666149904
-0.662679700366597,0.2346990605465031,-1.9926410434634478
-0.6611457195787114,0.23316507975861744,-1.9895730818876767
-0.6611457195787114,0.22549517581918926,-1.9880391010997909
-0.6611457195787114,0.2270291566070749,-1.9911070626755623
-0.6642136811544826,0.2270291566070749,-1.9895730818876767
-0.6642136811544826,0.23009711818284617,-1.9911070626755623
-0.662679700366597,0.23316507975861744,-1.9926410434634478
-0.6611457195787114,0.23623304133438874,-1.9957090050392192
-0.6611457195787114,0.24083498369804565,-2.000310947402876
-0.662679700366597,0.24083498369804565,-2.004912889766533
-0.6642136811544826,0.24083498369804565,-2.0064468705544187
-0.662679700366597,0.24083498369804565,-2.0064468705544187
-0.662679700366597,0.24083498369804565,-2.0064468705544187
-0.662679700366597,0.24083498369804565,-2.004912889766533
-0.662679700366597,0.24083498369804565,-2.004912889766533
-0.662679700366597,0.24083498369804565,-2.004912889766533
-0.662679700366597,0.24083498369804565,-2.0064468705544187
-0.662679700366597,0.24083498369804565,-2.0064468705544187
-0.662679700366597,0.24083498369804565,-2.0064468705544187
-0.662679700366597,0.24083498369804565,-2.0064468705544187
-0.662679700366597,0.24083498369804565,-2.0064468705544187
-0.662679700366597,0.24083498369804565,-2.0064468705544187
-0.662679700366597,0.24236896448593132,-2.0064468705544187
-0.662679700366597,0.24083498369804565,-2.0064468705544187
-0.662679700366597,0.24083498369804565,-2.004912889766533
-0.662679700366597,0.24083498369804565,-2.0064468705544187
-0.662679700366597,0.24083498369804565,-2.0064468705544187
-0.662679700366597,0.24083498369804565,-2.0064468705544187
-0.6642136811544826,0.23623304133438874,-2.0018449281907618
-0.6642136811544826,0.23009711818284617,-1.9957090050392192
-0.662679700366597,0.23009711818284617,-1.9911070626755623
-0.662679700366597,0.23009711818284617,-1.9911070626755623
-0.662679700366597,0.23009711818284617,-1.9895730818876767
-0.662679700366597,0.22856313739496054,-1.9895730818876767
-0.662679700366597,0.22856313739496054,-1.9911070626755623
-0.662679700366597,0.22856313739496054,-1.9895730818876767
-0.662679700366597,0.23009711818284617,-1.9926410434634478
-0.662679700366597,0.2346990605465031,-1.9972429858271048
-0.662679700366597,0.24083498369804565,-2.012582793705961
-0.662679700366597,0.2638446955163303,-2.0325245439484747
-0.662679700366597,0.28225246497095796,-2.0540002749788737
-0.662679700366597,0.3052621767892426,-2.078543967585044
-0.662679700366597,0.3313398501832985,-2.103087660191214
-0.662679700366597,0.3620194659410113,-2.1260973720094984
-0.662679700366597,0.38963112012295287,-2.1399031991004693
-0.662679700366597,0.4095728703654662,-2.1521750454035544
-0.662679700366597,0.42644665903220824,-2.162912910918754
-0.662679700366597,0.4356505437595221,-2.167514853282411
-0.662679700366597,0.44485442848683593,-2.1659808724945253
-0.662679700366597,0.4479223900626072,-2.1644468917066395
-0.662679700366597,0.4479223900626072,-2.1644468917066395
-0.662679700366597,0.4479223900626072,-2.162912910918754
-0.662679700366597,0.4479223900626072,-2.1644468917066395
-0.6611457195787114,0.4479223900626072,-2.1644468917066395
-0.6565437772150544,0.4433204476989503,-2.1613789301308683
-0.6488738732756262,0.4356505437595221,-2.1521750454035544
-0.6350680461846554,0.43104860139586515,-2.1353012567368124
-0.6151262959421421,0.4279806398200939,-2.115359506494299
-0.5905826033359719,0.4279806398200939,-2.090815813888129
-0.5599029875782591,0.4295146206079795,-2.060136198130416
-0.5108156023659185,0.4295146206079795,-2.012582793705961
-0.4724660826687775,0.4295146206079795,-1.966563370069392
-0.44638840927472156,0.4295146206079795,-1.9297478311601366
-0.4249126782443226,0.4295146206079795,-1.9006021961903095
-0.41264083194123746,0.4279806398200939,-1.8714565612204823
-0.401902966426038,0.4295146206079795,-1.8484468494021975
-0.38349519697141027,0.4279806398200939,-1.825437137583913
-0.38349519697141027,0.4279806398200939,-1.8131652912808278
-0.38963112012295287,0.4279806398200939,-1.8070293681292853
-0.38809713933506723,0.4295146206079795,-1.8054953873413997
-0.38963112012295287,0.4279806398200939,-1.8024274257656283
-0.38963112012295287,0.4279806398200939,-1.8039614065535141
-0.3911651009108385,0.4279806398200939,-1.8054953873413997
-0.3911651009108385,0.42644665903220824,-1.7993594641898571
-0.3911651009108385,0.4172427743048944,-1.7886215986746576
-0.39269908169872414,0.3988350048502667,-1.77021382922003
-0.39269908169872414,0.37889325460775336,-1.7502720789775166
-0.38963112012295287,0.34974761963792617,-1.718058482431918
-0.38963112012295287,0.3175340230923277,-1.696582751401519
-0.38963112012295287,0.2991262536377,-1.6751070203711202
-0.39269908169872414,0.28532042654672923,-1.667437116431692
-0.3911651009108385,0.2807184841830723,-1.6613011932801494
-0.38963112012295287,0.2684466378799872,-1.6520973085528354
-0.38963112012295287,0.260776733940559,-1.6474953661891787
-0.38809713933506723,0.25924275315267337,-1.6474953661891787
-0.38809713933506723,0.260776733940559,-1.6474953661891787
-0.38809713933506723,0.25924275315267337,-1.6490293469770643
-0.38809713933506723,0.25924275315267337,-1.6490293469770643
-0.38809713933506723,0.25924275315267337,-1.6490293469770643
-0.38809713933506723,0.260776733940559,-1.6490293469770643
-0.38809713933506723,0.260776733940559,-1.6490293469770643
-0.38963112012295287,0.25924275315267337,-1.6490293469770643
-0.38963112012295287,0.260776733940559,-1.6490293469770643
-0.38963112012295287,0.25924275315267337,-1.6474953661891787
-0.38963112012295287,0.260776733940559,-1.6474953661891787
-0.38963112012295287,0.25924275315267337,-1.6474953661891787
-0.38963112012295287,0.260776733940559,-1.6490293469770643
-0.38963112012295287,0.25924275315267337,-1.6490293469770643
-0.38963112012295287,0.25924275315267337,-1.6490293469770643
-0.38963112012295287,0.25924275315267337,-1.6505633277649499
-0.3911651009108385,0.25924275315267337,-1.6520973085528354
-0.3988350048502667,0.260776733940559,-1.6566992509164924
-0.41264083194123746,0.260776733940559,-1.6613011932801494
-0.4279806398200939,0.25924275315267337,-1.6751070203711202
-0.4540583132141498,0.260776733940559,-1.6996507129772904
-0.48627190975974827,0.260776733940559,-1.7287963479471176
-0.5184855063053467,0.260776733940559,-1.761009944492716
-0.5568350260024878,0.260776733940559,-1.7962915026140858
-0.5951845456996288,0.260776733940559,-1.8377089838869982
-0.6335340653967698,0.260776733940559,-1.8837284075235674
-0.6642136811544826,0.260776733940559,-1.9251458887964796
-0.6887573737606529,0.260776733940559,-1.9558255045541926
-0.705631162427395,0.260776733940559,-1.9773012355845914
-0.7194369895183657,0.260776733940559,-1.9895730818876767
-0.7255729126699083,0.260776733940559,-1.9957090050392192
-0.7255729126699083,0.260776733940559,-1.9972429858271048
-0.7255729126699083,0.25924275315267337,-1.9972429858271048
-0.7255729126699083,0.260776733940559,-1.9957090050392192
-0.7255729126699083,0.260776733940559,-1.9895730818876767
-0.7209709703062513,0.260776733940559,-1.9849711395240197
-0.7179030087304801,0.25924275315267337,-1.9819031779482483
-0.7163690279425944,0.25924275315267337,-1.9819031779482483
-0.7163690279425944,0.25924275315267337,-1.9819031779482483
-0.7163690279425944,0.260776733940559,-1.9819031779482483
-0.7163690279425944,0.260776733940559,-1.9819031779482483
-0.7163690279425944,0.260776733940559,-1.9819031779482483
-0.7163690279425944,0.260776733940559,-1.9819031779482483
-0.7163690279425944,0.2561747915769021,-1.9819031779482483
-0.7179030087304801,0.24850488763747386,-1.9773012355845914
-0.7148350471547088,0.24236896448593132,-1.9711653124330488
-0.7148350471547088,0.24083498369804565,-1.9680973508572777
-0.7148350471547088,0.24083498369804565,-1.966563370069392
-0.7148350471547088,0.24083498369804565,-1.966563370069392
-0.7148350471547088,0.24083498369804565,-1.9680973508572777
-0.7148350471547088,0.24083498369804565,-1.9680973508572777
-0.7148350471547088,0.24236896448593132,-1.9711653124330488
-0.7133010663668231,0.24390294527381695,-1.9757672547967058
-0.7117670855789375,0.2454369260617026,-1.9834371587361341
-0.7102331047910518,0.25924275315267337,-1.9987769666149904
-0.7086991240031663,0.2791845033951867,-2.018718716857504
-0.7071651432152806,0.30066023442558565,-2.043262409463674
-0.7071651432152806,0.3313398501832985,-2.072408044433501
-0.7071651432152806,0.3712233506683252,-2.1015536794033283
-0.7071651432152806,0.39730102406238105,-2.1138255257064134
-0.7071651432152806,0.4172427743048944,-2.1276313527973842
-0.7071651432152806,0.43104860139586515,-2.138369218312584
-0.7071651432152806,0.44485442848683593,-2.1429711606762405
-0.7071651432152806,0.45099035163837853,-2.1429711606762405
-0.7040971816395093,0.4540583132141498,-2.141437179888355
-0.6979612584879668,0.45099035163837853,-2.133767275948927
-0.6872233929727672,0.44485442848683593,-2.1230294104337273
-0.6749515466696822,0.4341165629716365,-2.1061556217669852
-0.6519418348513975,0.4279806398200939,-2.081611929160815
-0.6258641614573416,0.4279806398200939,-2.0586022173425302
-0.5890486225480862,0.4295146206079795,-2.0233206592211608
-0.5522330836388308,0.4295146206079795,-1.9865051203119053
-0.5077476407901472,0.4279806398200939,-1.9420196774632217
-0.4724660826687775,0.4295146206079795,-1.9052041385539664
-0.44485442848683593,0.4295146206079795,-1.8775924843720249
-0.4279806398200939,0.4295146206079795,-1.8530487917658545
-0.41570879351700873,0.4295146206079795,-1.8361750030991124
-0.39730102406238105,0.4295146206079795,-1.8239031567960273
-0.3865631585471816,0.4279806398200939,-1.8131652912808278
-0.38502917775929596,0.4279806398200939,-1.8054953873413997
-0.38963112012295287,0.4295146206079795,-1.8024274257656283
-0.38963112012295287,0.4279806398200939,-1.8039614065535141
-0.38963112012295287,0.4279806398200939,-1.8070293681292853
-0.3911651009108385,0.4249126782443226,-1.7962915026140858
-0.3911651009108385,0.4065049087896949,-1.7778837331594581
-0.39269908169872414,0.3865631585471816,-1.761009944492716
-0.3942330624866098,0.36355344672889695,-1.739534213462317
-0.3911651009108385,0.3374757733348411,-1.71038857849249
-0.38963112012295287,0.31600004230444206,-1.688912847462091
-0.38809713933506723,0.2899223689103862,-1.6735730395832344
-0.3911651009108385,0.28225246497095796,-1.6597672124922638
-0.38963112012295287,0.2715145994557585,-1.6505633277649499
-0.38963112012295287,0.26231071472844464,-1.6444274046134073
-0.38809713933506723,0.260776733940559,-1.6459613854012929
-0.3865631585471816,0.25924275315267337,-1.6459613854012929
-0.3865631585471816,0.25924275315267337,-1.6474953661891787
-0.3865631585471816,0.25924275315267337,-1.6474953661891787
-0.3865631585471816,0.25924275315267337,-1.6474953661891787
-0.3865631585471816,0.25924275315267337,-1.6459613854012929
-0.3865631585471816,0.25924275315267337,-1.6459613854012929
-0.3865631585471816,0.260776733940559,-1.6459613854012929
-0.3865631585471816,0.25924275315267337,-1.6459613854012929
-0.3865631585471816,0.25924275315267337,-1.6459613854012929
-0.3865631585471816,0.260776733940559,-1.6459613854012929
-0.3865631585471816,0.260776733940559,-1.6474953661891787
-0.38809713933506723,0.260776733940559,-1.6490293469770643
-0.38809713933506723,0.260776733940559,-1.6490293469770643
-0.38809713933506723,0.260776733940559,-1.6474953661891787
-0.38809713933506723,0.260776733940559,-1.6459613854012929
-0.38809713933506723,0.260776733940559,-1.6474953661891787
-0.38809713933506723,0.260776733940559,-1.6474953661891787
-0.38809713933506723,0.25924275315267337,-1.6490293469770643
-0.38809713933506723,0.260776733940559,-1.6490293469770643
-0.39269908169872414,0.260776733940559,-1.6520973085528354
-0.4003689856381523,0.260776733940559,-1.6566992509164924
-0.41570879351700873,0.260776733940559,-1.6659031356438063
-0.4341165629716365,0.25924275315267337,-1.6812429435226628
-0.4678641403051206,0.25924275315267337,-1.713456540068261
-0.5092816215780329,0.260776733940559,-1.7548740213411735
-0.5537670644267164,0.260776733940559,-1.8008934449777427
-0.5905826033359719,0.260776733940559,-1.8438449070385408
-0.6289321230331129,0.260776733940559,-1.8821944267356818
-0.6565437772150544,0.260776733940559,-1.9205439464328227
-0.6826214506091103,0.260776733940559,-1.94968958140265
-0.7133010663668231,0.260776733940559,-1.9773012355845914
-0.722504951094137,0.260776733940559,-1.9865051203119053
-0.7240389318820226,0.260776733940559,-1.9895730818876767
-0.7240389318820226,0.260776733940559,-1.9911070626755623
-0.7240389318820226,0.260776733940559,-1.9895730818876767
-0.722504951094137,0.260776733940559,-1.9849711395240197
-0.7194369895183657,0.260776733940559,-1.9803691971603627
-0.7163690279425944,0.25924275315267337,-1.9773012355845914
-0.7163690279425944,0.260776733940559,-1.9773012355845914
-0.7163690279425944,0.260776733940559,-1.9757672547967058
-0.7163690279425944,0.260776733940559,-1.9773012355845914
-0.7163690279425944,0.260776733940559,-1.9773012355845914
-0.7163690279425944,0.260776733940559,-1.9773012355845914
-0.7163690279425944,0.260776733940559,-1.9773012355845914
-0.7179030087304801,0.25770877236478773,-1.9773012355845914
-0.7163690279425944,0.25157284921324513,-1.9726992932209346
-0.7163690279425944,0.2454369260617026,-1.966563370069392
-0.7148350471547088,0.24390294527381695,-1.9650293892815063
-0.7148350471547088,0.24390294527381695,-1.966563370069392
-0.7148350471547088,0.24390294527381695,-1.9680973508572777
-0.7148350471547088,0.24390294527381695,-1.9680973508572777
-0.7148350471547088,0.24390294527381695,-1.9680973508572777
-0.7148350471547088,0.24390294527381695,-1.9680973508572777
-0.7148350471547088,0.24390294527381695,-1.9680973508572777
-0.7148350471547088,0.24390294527381695,-1.9680973508572777
-0.7148350471547088,0.24390294527381695,-1.9680973508572777
-0.7133010663668231,0.24390294527381695,-1.9680973508572777
-0.7133010663668231,0.24390294527381695,-1.9680973508572777
-0.7148350471547088,0.24390294527381695,-1.9680973508572777
-0.7133010663668231,0.24390294527381695,-1.966563370069392
-0.7148350471547088,0.24390294527381695,-1.9680973508572777
-0.7148350471547088,0.24390294527381695,-1.9680973508572777
-0.7133010663668231,0.2454369260617026,-1.9680973508572777
-0.7133010663668231,0.2454369260617026,-1.9711653124330488
-0.7133010663668231,0.24850488763747386,-1.9803691971603627
-0.7102331047910518,0.25770877236478773,-1.9987769666149904
-0.7071651432152806,0.2761165418194154,-2.017184736069618
-0.7071651432152806,0.2991262536377,-2.041728428675788
-0.7071651432152806,0.32673790781964157,-2.067806102069844
-0.7071651432152806,0.35588354278946877,-2.0923497946760143
-0.7071651432152806,0.3865631585471816,-2.112291544918528
-0.7071651432152806,0.4095728703654662,-2.1260973720094984
-0.7071651432152806,0.42644665903220824,-2.1353012567368124
-0.7071651432152806,0.4387185053352934,-2.141437179888355
-0.7071651432152806,0.44945637085049284,-2.1429711606762405
-0.705631162427395,0.4540583132141498,-2.141437179888355
-0.6964272777000811,0.4586602555778067,-2.1306993143731554
-0.6872233929727672,0.4586602555778067,-2.121495429645842
-0.6718835850939109,0.4586602555778067,-2.103087660191214
-0.6396699885483124,0.4586602555778067,-2.0708740636456158
-0.6135923151542565,0.4586602555778067,-2.043262409463674
-0.5844466801844292,0.4586602555778067,-2.017184736069618
-0.5460971604872883,0.4586602555778067,-1.9941750242513334
-0.5230874486690036,0.4586602555778067,-1.9773012355845914
-0.5123495831538042,0.4586602555778067,-1.9619614277057351
-0.504679679214376,0.4586602555778067,-1.9604274469178493
-0.4970097752749477,0.45712627478992107,-1.9619614277057351
-0.49854375606283335,0.4586602555778067,-1.9619614277057351
-0.49854375606283335,0.45712627478992107,-1.9619614277057351
-0.500077736850719,0.4586602555778067,-1.9619614277057351
-0.500077736850719,0.45559229400203544,-1.9604274469178493
-0.5016117176386047,0.44945637085049284,-1.9512235621905356
-0.500077736850719,0.4356505437595221,-1.9343497735237936
-0.5016117176386047,0.4095728703654662,-1.9098060809176232
-0.5062136600022615,0.38196121618352463,-1.8821944267356818
-0.5031456984264903,0.3574175235773544,-1.8576507341295114
-0.500077736850719,0.3236699462438703,-1.8361750030991124
-0.49854375606283335,0.303728196001357,-1.825437137583913
-0.5016117176386047,0.28838838812250056,-1.8116313104929422
-0.5016117176386047,0.28532042654672923,-1.8054953873413997
-0.5016117176386047,0.2791845033951867,-1.8024274257656283
-0.5016117176386047,0.27304858024364415,-1.7978254834019713
-0.500077736850719,0.27304858024364415,-1.7978254834019713
-0.49854375606283335,0.27304858024364415,-1.7993594641898571
-0.49854375606283335,0.27304858024364415,-1.8039614065535141
-0.49854375606283335,0.2745825610315298,-1.8039614065535141
-0.49854375606283335,0.27304858024364415,-1.8054953873413997
-0.49854375606283335,0.27304858024364415,-1.8054953873413997
-0.49854375606283335,0.2745825610315298,-1.8039614065535141
-0.500077736850719,0.2745825610315298,-1.8039614065535141
-0.5016117176386047,0.2745825610315298,-1.8039614065535141
-0.5031456984264903,0.27304858024364415,-1.8039614065535141
-0.5031456984264903,0.2745825610315298,-1.8039614065535141
-0.500077736850719,0.27304858024364415,-1.8039614065535141
-0.500077736850719,0.2745825610315298,-1.8039614065535141
-0.500077736850719,0.2745825610315298,-1.8039614065535141
-0.5016117176386047,0.2745825610315298,-1.8039614065535141
-0.5062136600022615,0.27304858024364415,-1.8085633489171709
-0.5138835639416898,0.27304858024364415,-1.8131652912808278
-0.5276893910326605,0.2715145994557585,-1.8269711183717987
-0.5445631796994026,0.2684466378799872,-1.8392429646748838
-0.5645049299419159,0.2638446955163303,-1.859184714917397
-0.5875146417602005,0.260776733940559,-1.8883303498872244
-0.6212622190936846,0.26231071472844464,-1.928213850372251
-0.6458059116998549,0.26231071472844464,-1.9634954084936207
-0.662679700366597,0.25924275315267337,-1.9849711395240197
-0.6718835850939109,0.2561747915769021,-2.0110488129180757
-0.6780195082454534,0.25464081078901646,-2.026388620796932
-0.6826214506091103,0.25157284921324513,-2.029456582372703
-0.6826214506091103,0.24697090684958822,-2.029456582372703
-0.6826214506091103,0.24697090684958822,-2.029456582372703
-0.6826214506091103,0.24697090684958822,-2.0233206592211608
-0.6810874698212247,0.24697090684958822,-2.017184736069618
-0.6780195082454534,0.24850488763747386,-2.0110488129180757
-0.6749515466696822,0.24697090684958822,-2.007980851342304
-0.6718835850939109,0.24697090684958822,-2.004912889766533
-0.6718835850939109,0.24850488763747386,-2.004912889766533
-0.6718835850939109,0.24697090684958822,-2.004912889766533
-0.6718835850939109,0.24697090684958822,-2.0064468705544187
-0.6718835850939109,0.24697090684958822,-2.0064468705544187
-0.6734175658817965,0.24697090684958822,-2.0064468705544187
-0.6718835850939109,0.2454369260617026,-2.004912889766533
-0.6734175658817965,0.24236896448593132,-2.0033789089786476
-0.6734175658817965,0.2346990605465031,-1.9987769666149904
-0.6718835850939109,0.2316310989707318,-1.9941750242513334
-0.6734175658817965,0.2316310989707318,-1.9926410434634478
-0.6718835850939109,0.23009711818284617,-1.9911070626755623
-0.6718835850939109,0.23009711818284617,-1.9911070626755623
-0.6734175658817965,0.23009711818284617,-1.9911070626755623
-0.6734175658817965,0.23009711818284617,-1.9911070626755623
-0.6734175658817965,0.2316310989707318,-1.9911070626755623
-0.6734175658817965,0.23009711818284617,-1.9911070626755623
-0.6734175658817965,0.2316310989707318,-1.9911070626755623
-0.6734175658817965,0.23009711818284617,-1.9911070626755623
-0.6734175658817965,0.23009711818284617,-1.9911070626755623
-0.6734175658817965,0.23009711818284617,-1.9911070626755623
-0.6718835850939109,0.23009711818284617,-1.9911070626755623
-0.6718835850939109,0.23009711818284617,-1.9911070626755623
-0.6734175658817965,0.23009711818284617,-1.9911070626755623
-0.6734175658817965,0.23009711818284617,-1.9911070626755623
-0.6718835850939109,0.23009711818284617,-1.9911070626755623
-0.6734175658817965,0.23009711818284617,-1.9911070626755623
-0.6718835850939109,0.23009711818284617,-1.9911070626755623
-0.6718835850939109,0.23009711818284617,-1.9911070626755623
-0.6734175658817965,0.23009711818284617,-1.9911070626755623
-0.6734175658817965,0.23009711818284617,-1.9911070626755623
-0.6718835850939109,0.23009711818284617,-1.9911070626755623
-0.6718835850939109,0.23009711818284617,-1.9911070626755623
-0.6734175658817965,0.23009711818284617,-1.9911070626755623
-0.6718835850939109,0.23009711818284617,-1.9911070626755623
-0.6718835850939109,0.23009711818284617,-1.9911070626755623
-0.6718835850939109,0.23009711818284617,-1.9911070626755623
-0.6734175658817965,0.23009711818284617,-1.9911070626755623
-0.6734175658817965,0.23009711818284617,-1.9911070626755623
-0.6734175658817965,0.23009711818284617,-1.9911070626755623
-0.6718835850939109,0.23009711818284617,-1.9911070626755623
-0.6718835850939109,0.23009711818284617,-1.9911070626755623
-0.6734175658817965,0.23009711818284617,-1.9911070626755623
-0.6734175658817965,0.23009711818284617,-1.9911070626755623
-0.6734175658817965,0.23009711818284617,-1.9911070626755623
-0.6734175658817965,0.23009711818284617,-1.9911070626755623
-0.6718835850939109,0.23009711818284617,-1.9911070626755623
-0.6734175658817965,0.23009711818284617,-1.9911070626755623
-0.6734175658817965,0.2316310989707318,-1.9911070626755623
-0.6734175658817965,0.23009711818284617,-1.9911070626755623
-0.6734175658817965,0.23009711818284617,-1.9911070626755623
-0.6718835850939109,0.23009711818284617,-1.9911070626755623
-0.6734175658817965,0.23009711818284617,-1.9911070626755623
-0.6734175658817965,0.23009711818284617,-1.9911070626755623
-0.6734175658817965,0.23009711818284617,-1.9911070626755623
-0.6734175658817965,0.23009711818284617,-1.9911070626755623
-0.6734175658817965,0.23009711818284617,-1.9911070626755623
-0.6734175658817965,0.23009711818284617,-1.9911070626755623
-0.6734175658817965,0.23009711818284617,-1.9911070626755623
-0.6734175658817965,0.23009711818284617,-1.9911070626755623
-0.6734175658817965,0.23009711818284617,-1.9911070626755623
-0.6718835850939109,0.23009711818284617,-1.9911070626755623
-0.6718835850939109,0.2316310989707318,-1.9926410434634478
-0.6734175658817965,0.23316507975861744,-1.9941750242513334
-0.6734175658817965,0.23776702212227438,-2.0018449281907618
-0.6703496043060252,0.25464081078901646,-2.018718716857504
-0.6672816427302539,0.2761165418194154,-2.043262409463674
-0.6688156235181395,0.2975922728498144,-2.066272121281959
-0.6688156235181395,0.32520392703175593,-2.0923497946760143
-0.6688156235181395,0.3574175235773544,-2.119961448857956
-0.6688156235181395,0.38502917775929596,-2.133767275948927
-0.6688156235181395,0.40803888957758055,-2.146039122252012
-0.6688156235181395,0.42184471666855133,-2.155243006979326
-0.6688156235181395,0.4387185053352934,-2.1644468917066395
-0.6688156235181395,0.44638840927472156,-2.162912910918754
-0.6688156235181395,0.44638840927472156,-2.1598449493429825
-0.6688156235181395,0.4479223900626072,-2.1613789301308683
-0.6672816427302539,0.44945637085049284,-2.1598449493429825
-0.6580777580029401,0.4540583132141498,-2.1521750454035544
-0.6442719309119693,0.461728217153578,-2.1399031991004693
-0.624330180669456,0.4632621979414636,-2.119961448857956
-0.5982525072754,0.4632621979414636,-2.089281833100243
-0.5721748338813442,0.4632621979414636,-2.060136198130416
-0.5537670644267164,0.4632621979414636,-2.047864351827331
-0.543029198911517,0.4632621979414636,-2.0371264863121317
-0.5384272565478601,0.4632621979414636,-2.029456582372703
-0.5384272565478601,0.4632621979414636,-2.029456582372703
-0.5384272565478601,0.4632621979414636,-2.030990563160589
-0.5384272565478601,0.4632621979414636,-2.030990563160589
-0.5414952181236313,0.4632621979414636,-2.030990563160589
-0.5414952181236313,0.4632621979414636,-2.030990563160589
-0.543029198911517,0.4632621979414636,-2.030990563160589
-0.543029198911517,0.4632621979414636,-2.030990563160589
-0.5445631796994026,0.4632621979414636,-2.030990563160589
-0.5460971604872883,0.4632621979414636,-2.030990563160589
-0.5445631796994026,0.4632621979414636,-2.030990563160589
-0.543029198911517,0.4632621979414636,-2.030990563160589
-0.5384272565478601,0.4632621979414636,-2.030990563160589
-0.5384272565478601,0.46019423636569234,-2.029456582372703
-0.5445631796994026,0.45252433242626416,-2.0202526976453896
-0.543029198911517,0.4387185053352934,-2.0018449281907618
-0.543029198911517,0.4172427743048944,-1.9819031779482483
-0.5445631796994026,0.3942330624866098,-1.9619614277057351
-0.5445631796994026,0.3620194659410113,-1.9297478311601366
-0.543029198911517,0.32520392703175593,-1.8990682154024239
-0.543029198911517,0.30066023442558565,-1.8883303498872244
-0.543029198911517,0.2837864457588436,-1.8775924843720249
-0.5384272565478601,0.2745825610315298,-1.868388599644711
-0.543029198911517,0.27304858024364415,-1.8668546188568254
-0.5414952181236313,0.27304858024364415,-1.8668546188568254
-0.5414952181236313,0.27304858024364415,-1.8668546188568254
-0.5414952181236313,0.2715145994557585,-1.8668546188568254
-0.5414952181236313,0.2715145994557585,-1.8668546188568254
-0.543029198911517,0.27304858024364415,-1.8668546188568254
-0.5414952181236313,0.27304858024364415,-1.8668546188568254
-0.5414952181236313,0.27304858024364415,-1.8668546188568254
-0.543029198911517,0.27304858024364415,-1.8668546188568254
-0.5414952181236313,0.27304858024364415,-1.868388599644711
-0.5414952181236313,0.27304858024364415,-1.8699225804325965
-0.5414952181236313,0.27304858024364415,-1.8699225804325965
-0.5414952181236313,0.27304858024364415,-1.8699225804325965
-0.5414952181236313,0.27304858024364415,-1.8714565612204823
-0.543029198911517,0.27304858024364415,-1.8714565612204823
-0.5445631796994026,0.27304858024364415,-1.8699225804325965
-0.543029198911517,0.27304858024364415,-1.8714565612204823
-0.543029198911517,0.27304858024364415,-1.8714565612204823
-0.543029198911517,0.27304858024364415,-1.8714565612204823
-0.543029198911517,0.27304858024364415,-1.8699225804325965
-0.543029198911517,0.27304858024364415,-1.8714565612204823
-0.543029198911517,0.27304858024364415,-1.8699225804325965
-0.543029198911517,0.27304858024364415,-1.8714565612204823
-0.5414952181236313,0.27304858024364415,-1.8699225804325965
-0.5353592949720888,0.27304858024364415,-1.8699225804325965
-0.5276893910326605,0.27304858024364415,-1.8653206380689396
-0.5246214294568893,0.27304858024364415,-1.859184714917397
-0.5246214294568893,0.27304858024364415,-1.8499808301900833
-0.5230874486690036,0.27304858024364415,-1.842310926250655
-0.5200194870932323,0.27304858024364415,-1.8377089838869982
-0.5230874486690036,0.27304858024364415,-1.8331070415233413
-0.521553467881118,0.27304858024364415,-1.8346410223112268
-0.521553467881118,0.27304858024364415,-1.8392429646748838
-0.5230874486690036,0.27304858024364415,-1.8392429646748838
-0.521553467881118,0.27304858024364415,-1.8407769454627694
-0.521553467881118,0.27304858024364415,-1.8438449070385408
-0.5230874486690036,0.27304858024364415,-1.842310926250655
-0.5230874486690036,0.27304858024364415,-1.8392429646748838
-0.5230874486690036,0.2715145994557585,-1.8377089838869982
-0.5230874486690036,0.2715145994557585,-1.8377089838869982
-0.5230874486690036,0.2715145994557585,-1.8361750030991124
-0.5230874486690036,0.2715145994557585,-1.8377089838869982
-0.521553467881118,0.27304858024364415,-1.8377089838869982
-0.5230874486690036,0.2715145994557585,-1.8377089838869982
-0.521553467881118,0.2715145994557585,-1.8377089838869982
-0.521553467881118,0.2715145994557585,-1.8377089838869982
-0.5230874486690036,0.2715145994557585,-1.8377089838869982
-0.5230874486690036,0.2715145994557585,-1.8377089838869982
-0.521553467881118,0.2715145994557585,-1.8377089838869982
-0.521553467881118,0.2715145994557585,-1.8377089838869982
-0.5230874486690036,0.2715145994557585,-1.8377089838869982
-0.521553467881118,0.2715145994557585,-1.8361750030991124
-0.521553467881118,0.2715145994557585,-1.8377089838869982
-0.521553467881118,0.2715145994557585,-1.8377089838869982
-0.5230874486690036,0.2715145994557585,-1.8377089838869982
-0.5230874486690036,0.2715145994557585,-1.8377089838869982
-0.521553467881118,0.2715145994557585,-1.8377089838869982
-0.521553467881118,0.27304858024364415,-1.8392429646748838
-0.521553467881118,0.2761165418194154,-1.8438449070385408
-0.5230874486690036,0.2837864457588436,-1.8561167533416258
-0.5230874486690036,0.28838838812250056,-1.8745245227962535
-0.5246214294568893,0.30679615757712825,-1.8913983114629955
-0.5246214294568893,0.3328738309711841,-1.9220779272207085
-0.5230874486690036,0.3604854851531257,-1.9481556006147642
-0.5230874486690036,0.39269908169872414,-1.9680973508572777
-0.521553467881118,0.41877675509278006,-1.9834371587361341
-0.5230874486690036,0.4387185053352934,-1.9926410434634478
-0.5246214294568893,0.44945637085049284,-1.9987769666149904
-0.526155410244775,0.4586602555778067,-2.0018449281907618
-0.5246214294568893,0.461728217153578,-1.9987769666149904
-0.5200194870932323,0.4632621979414636,-1.9972429858271048
-0.516951525517461,0.461728217153578,-1.9957090050392192
-0.5077476407901472,0.461728217153578,-1.9895730818876767
-0.500077736850719,0.45712627478992107,-1.9726992932209346
-0.4970097752749477,0.44638840927472156,-1.9558255045541926
-0.4970097752749477,0.4295146206079795,-1.9374177350995647
-0.500077736850719,0.40803888957758055,-1.915942004069166
-0.5031456984264903,0.38809713933506723,-1.8913983114629955
-0.5016117176386047,0.36355344672889695,-1.863786657281054
-0.4970097752749477,0.3313398501832985,-1.8499808301900833
-0.4970097752749477,0.3052621767892426,-1.8285050991596843
-0.49854375606283335,0.29145634969827183,-1.8116313104929422
-0.49854375606283335,0.2791845033951867,-1.8008934449777427
-0.49854375606283335,0.2745825610315298,-1.7962915026140858
-0.49854375606283335,0.27304858024364415,-1.7947575218262002
-0.49854375606283335,0.27304858024364415,-1.8008934449777427
-0.49854375606283335,0.27304858024364415,-1.8008934449777427
-0.49854375606283335,0.27304858024364415,-1.8024274257656283
-0.49854375606283335,0.27304858024364415,-1.8024274257656283
-0.49854375606283335,0.27304858024364415,-1.8024274257656283
-0.49854375606283335,0.27304858024364415,-1.8024274257656283
-0.49854375606283335,0.27304858024364415,-1.8039614065535141
-0.49854375606283335,0.27304858024364415,-1.8039614065535141
-0.49854375606283335,0.2745825610315298,-1.8024274257656283
-0.49854375606283335,0.27304858024364415,-1.8024274257656283
-0.49854375606283335,0.2745825610315298,-1.8024274257656283
-0.49854375606283335,0.2745825610315298,-1.8024274257656283
-0.49854375606283335,0.27304858024364415,-1.8024274257656283
-0.49854375606283335,0.2745825610315298,-1.8024274257656283
-0.49854375606283335,0.2745825610315298,-1.8054953873413997
-0.500077736850719,0.2745825610315298,-1.8054953873413997
-0.5077476407901472,0.27304858024364415,-1.8116313104929422
-0.5200194870932323,0.2684466378799872,-1.8208351952202562
-0.543029198911517,0.26231071472844464,-1.8407769454627694
-0.5660389107298016,0.25924275315267337,-1.859184714917397
-0.5936505649117432,0.2561747915769021,-1.8913983114629955
-0.6151262959421421,0.2561747915769021,-1.923611908008594
-0.641203969336198,0.25770877236478773,-1.9619614277057351
-0.6596117387908257,0.25464081078901646,-1.9911070626755623
-0.6688156235181395,0.25157284921324513,-2.0156507552817327
-0.6734175658817965,0.24850488763747386,-2.0325245439484747
-0.6749515466696822,0.24390294527381695,-2.03405852473636
-0.6749515466696822,0.23930100291016002,-2.03405852473636
-0.6749515466696822,0.24083498369804565,-2.030990563160589
-0.6749515466696822,0.24236896448593132,-2.024854640009046
-0.6734175658817965,0.24083498369804565,-2.018718716857504
-0.6703496043060252,0.24083498369804565,-2.014116774493847
-0.6672816427302539,0.24083498369804565,-2.0110488129180757
-0.6657476619423682,0.24083498369804565,-2.00951483213019
-0.6657476619423682,0.24083498369804565,-2.0110488129180757
-0.6657476619423682,0.24083498369804565,-2.0110488129180757
-0.6657476619423682,0.24083498369804565,-2.0110488129180757
-0.6657476619423682,0.24083498369804565,-2.0110488129180757
-0.6657476619423682,0.24083498369804565,-2.0110488129180757
-0.6657476619423682,0.24083498369804565,-2.0110488129180757
-0.6657476619423682,0.24236896448593132,-2.0110488129180757
-0.6672816427302539,0.23776702212227438,-2.00951483213019
-0.6672816427302539,0.2316310989707318,-2.004912889766533
-0.6672816427302539,0.22856313739496054,-2.000310947402876
-0.6672816427302539,0.22856313739496054,-1.9987769666149904
-0.6672816427302539,0.22856313739496054,-1.9972429858271048
-0.6672816427302539,0.22856313739496054,-1.9972429858271048
-0.6672816427302539,0.22856313739496054,-1.9972429858271048
-0.6672816427302539,0.23009711818284617,-1.9987769666149904
-0.6672816427302539,0.23316507975861744,-2.0018449281907618
-0.6688156235181395,0.23776702212227438,-2.007980851342304
-0.6657476619423682,0.25464081078901646,-2.0202526976453896
-0.6642136811544826,0.2745825610315298,-2.043262409463674
-0.662679700366597,0.2945243112740431,-2.067806102069844
-0.6611457195787114,0.3175340230923277,-2.0923497946760143
-0.6611457195787114,0.34821363885004053,-2.116893487282185
-0.6642136811544826,0.3865631585471816,-2.1399031991004693
-0.6657476619423682,0.4095728703654662,-2.1491070838277833
-0.6611457195787114,0.42644665903220824,-2.1598449493429825
-0.6596117387908257,0.4387185053352934,-2.1659808724945253
-0.662679700366597,0.44638840927472156,-2.1659808724945253
-0.6642136811544826,0.4479223900626072,-2.162912910918754
-0.6642136811544826,0.4479223900626072,-2.1644468917066395
-0.6596117387908257,0.44638840927472156,-2.1644468917066395
-0.6550097964271688,0.44485442848683593,-2.1613789301308683
-0.6488738732756262,0.43718452454740775,-2.1521750454035544
-0.6335340653967698,0.4279806398200939,-2.136835237524698
-0.6135923151542565,0.42184471666855133,-2.116893487282185
-0.5921165841238575,0.42184471666855133,-2.090815813888129
-0.5583690067903734,0.42337869745643697,-2.0586022173425302
-0.521553467881118,0.42337869745643697,-2.0202526976453896
-0.4924078329112908,0.42337869745643697,-1.9849711395240197
-0.4663301595172349,0.42337869745643697,-1.940485696675336
-0.45252433242626416,0.42337869745643697,-1.8960002538266525
-0.4433204476989503,0.42184471666855133,-1.8668546188568254
-0.42644665903220824,0.42337869745643697,-1.8484468494021975
-0.42184471666855133,0.42337869745643697,-1.825437137583913
-0.42644665903220824,0.42337869745643697,-1.8054953873413997
-0.42644665903220824,0.42337869745643697,-1.7932235410383146
-0.42644665903220824,0.42337869745643697,-1.787087617886772
-0.42644665903220824,0.42337869745643697,-1.7855536370988863
-0.42644665903220824,0.42337869745643697,-1.7840196563110007
-0.42644665903220824,0.42337869745643697,-1.7809516947352293
-0.42644665903220824,0.42337869745643697,-1.7809516947352293
-0.4279806398200939,0.42337869745643697,-1.782485675523115
-0.4279806398200939,0.42184471666855133,-1.782485675523115
-0.43104860139586515,0.42337869745643697,-1.7840196563110007
-0.4295146206079795,0.42337869745643697,-1.782485675523115
-0.42644665903220824,0.42337869745643697,-1.782485675523115
-0.4249126782443226,0.42337869745643697,-1.782485675523115
-0.4295146206079795,0.42337869745643697,-1.782485675523115
-0.43104860139586515,0.42337869745643697,-1.782485675523115
-0.4279806398200939,0.42337869745643697,-1.7840196563110007
-0.4279806398200939,0.4172427743048944,-1.7763497523715726
-0.42644665903220824,0.4049709280018093,-1.761009944492716
-0.42644665903220824,0.38502917775929596,-1.739534213462317
-0.4295146206079795,0.35434956200158313,-1.7119225592803755
-0.43104860139586515,0.3282718886075272,-1.6873788666742053
-0.4279806398200939,0.3021942152134713,-1.662835174068035
-0.42337869745643697,0.28225246497095796,-1.6520973085528354
-0.4295146206079795,0.27304858024364415,-1.6413594430376361
-0.42644665903220824,0.26231071472844464,-1.6306215775224366
-0.42644665903220824,0.25770877236478773,-1.6275536159466653
-0.42644665903220824,0.25770877236478773,-1.6290875967345508
-0.42644665903220824,0.2561747915769021,-1.6290875967345508
-0.42644665903220824,0.25770877236478773,-1.6290875967345508
-0.4249126782443226,0.2561747915769021,-1.6306215775224366
-0.42644665903220824,0.25770877236478773,-1.6290875967345508
-0.42644665903220824,0.25770877236478773,-1.6290875967345508
-0.42644665903220824,0.2561747915769021,-1.6290875967345508
-0.4249126782443226,0.25770877236478773,-1.6290875967345508
-0.42644665903220824,0.25770877236478773,-1.6306215775224366
-0.4249126782443226,0.25770877236478773,-1.6306215775224366
-0.42644665903220824,0.25770877236478773,-1.6306215775224366
-0.42644665903220824,0.25770877236478773,-1.6290875967345508
-0.42644665903220824,0.25770877236478773,-1.6275536159466653
-0.4279806398200939,0.25770877236478773,-1.6260196351587797
-0.43104860139586515,0.25770877236478773,-1.6260196351587797
-0.4295146206079795,0.25770877236478773,-1.6275536159466653
-0.4279806398200939,0.2561747915769021,-1.6290875967345508
-0.4279806398200939,0.25770877236478773,-1.6290875967345508
-0.4279806398200939,0.25770877236478773,-1.6306215775224366
-0.43104860139586515,0.2561747915769021,-1.6336895390982078
-0.44638840927472156,0.2561747915769021,-1.6444274046134073
-0.4632621979414636,0.2561747915769021,-1.6536312893407212
-0.483203948183977,0.2561747915769021,-1.6705050780074633
-0.500077736850719,0.2561747915769021,-1.6935147898257479
-0.526155410244775,0.2561747915769021,-1.7257283863713464
-0.5645049299419159,0.2561747915769021,-1.7686798484321442
-0.5982525072754,0.2561747915769021,-1.8177672336444848
-0.6258641614573416,0.2561747915769021,-1.868388599644711
-0.6534758156392831,0.2561747915769021,-1.9205439464328227
-0.6688156235181395,0.25464081078901646,-1.966563370069392
-0.679553489033339,0.25310683000113077,-1.9972429858271048
-0.684155431396996,0.25157284921324513,-2.0202526976453896
-0.684155431396996,0.25157284921324513,-2.026388620796932
-0.6826214506091103,0.2500388684253595,-2.026388620796932
-0.6810874698212247,0.2500388684253595,-2.024854640009046
-0.6764855274575677,0.2500388684253595,-2.018718716857504
-0.6734175658817965,0.2500388684253595,-2.012582793705961
-0.6718835850939109,0.2500388684253595,-2.00951483213019
-0.6703496043060252,0.2500388684253595,-2.007980851342304
-0.6718835850939109,0.2500388684253595,-2.007980851342304
-0.6718835850939109,0.24850488763747386,-2.007980851342304
-0.6703496043060252,0.24850488763747386,-2.00951483213019
-0.6703496043060252,0.24850488763747386,-2.00951483213019
-0.6718835850939109,0.2500388684253595,-2.00951483213019
-0.6703496043060252,0.2500388684253595,-2.00951483213019
-0.6718835850939109,0.24850488763747386,-2.007980851342304
-0.6703496043060252,0.2500388684253595,-2.00951483213019
-0.6703496043060252,0.2500388684253595,-2.00951483213019
-0.6718835850939109,0.24850488763747386,-2.00951483213019
-0.6718835850939109,0.24390294527381695,-2.0064468705544187
-0.6718835850939109,0.23623304133438874,-2.0018449281907618
-0.6718835850939109,0.23316507975861744,-1.9972429858271048
-0.6718835850939109,0.23009711818284617,-1.9926410434634478
-0.6703496043060252,0.23009711818284617,-1.9911070626755623
-0.6688156235181395,0.23009711818284617,-1.9911070626755623
-0.6703496043060252,0.22856313739496054,-1.9911070626755623
-0.6688156235181395,0.22856313739496054,-1.9911070626755623
-0.6703496043060252,0.22856313739496054,-1.9911070626755623
-0.6688156235181395,0.22856313739496054,-1.9911070626755623
-0.6688156235181395,0.22856313739496054,-1.9911070626755623
-0.6703496043060252,0.22856313739496054,-1.9926410434634478
-0.6688156235181395,0.22856313739496054,-1.9911070626755623
-0.6688156235181395,0.23009711818284617,-1.9926410434634478
-0.6688156235181395,0.22856313739496054,-1.9911070626755623
-0.6703496043060252,0.23009711818284617,-1.9911070626755623
-0.6688156235181395,0.23009711818284617,-1.9911070626755623
-0.6703496043060252,0.22856313739496054,-1.9926410434634478
-0.6703496043060252,0.22856313739496054,-1.9926410434634478
-0.6688156235181395,0.22856313739496054,-1.9911070626755623
-0.6688156235181395,0.22856313739496054,-1.9911070626755623
-0.6688156235181395,0.22856313739496054,-1.9911070626755623
-0.6688156235181395,0.22856313739496054,-1.9911070626755623
-0.6688156235181395,0.22856313739496054,-1.9926410434634478
-0.6688156235181395,0.22856313739496054,-1.9911070626755623
-0.6688156235181395,0.22856313739496054,-1.9911070626755623
-0.6688156235181395,0.22856313739496054,-1.9911070626755623
-0.6688156235181395,0.22856313739496054,-1.9911070626755623
-0.6688156235181395,0.22856313739496054,-1.9911070626755623
-0.6688156235181395,0.22856313739496054,-1.9911070626755623
